"Month","Quarter1","Quarter2","Quarter3","Quarter4"
1,-0.367234642740975,NA,NA,NA
2,0.185230564865609,NA,NA,NA
3,0.581823727365507,NA,NA,NA
4,NA,1.39973682729268,NA,NA
5,NA,-0.727292059474465,NA,NA
6,NA,1.30254263204414,NA,NA
7,NA,NA,0.335848119752074,NA
8,NA,NA,1.03850609869762,NA
9,NA,NA,0.920728568290646,NA
10,NA,NA,NA,0.720878162866862
11,NA,NA,NA,-1.04311893856785
12,NA,NA,NA,-0.0901863866107067
